Make,Model,Year,Vendor,MPN,AD Item Number,OEM#,NI#
LYNX,ENDURO 600 SDI,2005,NACH,SM-07141,62-07004,420867260,SM-07141
LYNX,SHEDDER RE 850 ETEC TURBO R,2023,NACH,SM-07180,120363,420924798,SM-07180
LYNX,SHREDDER RE 850 ETEC,2023,NACH,SM-07180,120363,420924798,SM-07180
LYNX,SHREDDER STD 600R ETEC,2023,NACH,SM-07180,120363,420924798,SM-07180
LYNX,SPORT TOURING 600,2002,NACH,SM-07089,121283,420867874,SM-07089
LYNX,XTRIM 600 SDI,2008,NACH,SM-07141,62-07004,420867260,SM-07141
LYNX,ENDURO 700,2002,NACH,SM-07090,121282,420867870,SM-07090
LYNX,RAVE CROSS,2001,NACH,SM-07090,121282,420867870,SM-07090
LYNX,SUPER TOURING 700,2002,NACH,SM-07090,121282,420867870,SM-07090
LYNX,SUPER TOURING 800,2002,NACH,SM-07090,121282,420867870,SM-07090
LYNX,ENDURO 700,2002,NACH,SM-07090,121282,420867873,SM-07090
LYNX,RAVE CROSS,2001,NACH,SM-07090,121282,420867873,SM-07090
LYNX,SUPER TOURING 700,2002,NACH,SM-07090,121282,420867873,SM-07090
LYNX,SUPER TOURING 800,2002,NACH,SM-07090,121282,420867873,SM-07090
LYNX,RAVE 800,2001,NACH,SM-07090,121282,420867870,SM-07090
LYNX,RAVE 800,2002,NACH,SM-07090,121282,420867870,SM-07090
LYNX,RAVE 800,2003,NACH,SM-07090,121282,420867870,SM-07090
LYNX,RAVE 800,2001,NACH,SM-07090,121282,420867873,SM-07090
LYNX,RAVE 800,2002,NACH,SM-07090,121282,420867873,SM-07090
LYNX,RAVE 800,2003,NACH,SM-07090,121282,420867873,SM-07090
LYNX,ENDURO 600,2003,NACH,SM-07089,121283,420867874,SM-07089
LYNX,ENDURO 600,2004,NACH,SM-07089,121283,420867874,SM-07089
LYNX,RAVE CROSS,2003,NACH,SM-07089,121283,420867874,SM-07089
LYNX,RAVE CROSS,2004,NACH,SM-07089,121283,420867874,SM-07089
LYNX,RAVE XTRIM N-DURO 600 SDI,2006,NACH,SM-07141,62-07004,420867260,SM-07141
LYNX,RAVE XTRIM N-DURO 600 SDI,2007,NACH,SM-07141,62-07004,420867260,SM-07141
LYNX,ADVENTURE GT 600 SDI,2006,NACH,SM-07141,62-07004,420867260,SM-07141
LYNX,ADVENTURE GT 600 SDI,2007,NACH,SM-07141,62-07004,420867260,SM-07141
LYNX,ADVENTURE GT 600 SDI,2008,NACH,SM-07141,62-07004,420867260,SM-07141
LYNX,RAVE /RC 600 SDI,2006,NACH,SM-07141,62-07004,420867260,SM-07141
LYNX,RAVE /RC 600 SDI,2007,NACH,SM-07141,62-07004,420867260,SM-07141
LYNX,RAVE /RC 600 SDI,2008,NACH,SM-07141,62-07004,420867260,SM-07141
LYNX,RAVE RE 600,2007,NACH,07-102-08,121284,420867879,07-102-08
LYNX,RAVE RE 600,2008,NACH,07-102-08,121284,420867879,07-102-08
LYNX,YETI TUV 600 SDI,2007,NACH,SM-07141,62-07004,420867260,SM-07141
LYNX,YETI TUV 600 SDI,2008,NACH,SM-07141,62-07004,420867260,SM-07141
LYNX,ADVENTURE GT 600,2009,NACH,SM-07180,120363,420667530,SM-07180
LYNX,ADVENTURE GT 600,2010,NACH,SM-07180,120363,420667530,SM-07180
LYNX,ADVENTURE GT 600,2011,NACH,SM-07180,120363,420667530,SM-07180
LYNX,ADVENTURE GT 600,2012,NACH,SM-07180,120363,420667530,SM-07180
LYNX,ADVENTURE GT 600,2009,NACH,SM-07180,120363,420667533,SM-07180
LYNX,ADVENTURE GT 600,2010,NACH,SM-07180,120363,420667533,SM-07180
LYNX,ADVENTURE GT 600,2011,NACH,SM-07180,120363,420667533,SM-07180
LYNX,ADVENTURE GT 600,2012,NACH,SM-07180,120363,420667533,SM-07180
LYNX,XTRIM COMMANDER 600,2009,NACH,SM-07180,120363,420667530,SM-07180
LYNX,XTRIM COMMANDER 600,2010,NACH,SM-07180,120363,420667530,SM-07180
LYNX,XTRIM COMMANDER 600,2011,NACH,SM-07180,120363,420667530,SM-07180
LYNX,XTRIM COMMANDER 600,2012,NACH,SM-07180,120363,420667530,SM-07180
LYNX,XTRIM COMMANDER 600,2013,NACH,SM-07180,120363,420667530,SM-07180
LYNX,XTRIM COMMANDER 600,2014,NACH,SM-07180,120363,420667530,SM-07180
LYNX,XTRIM COMMANDER 600,2015,NACH,SM-07180,120363,420667530,SM-07180
LYNX,XTRIM COMMANDER 600,2016,NACH,SM-07180,120363,420667530,SM-07180
LYNX,XTRIM COMMANDER 600,2009,NACH,SM-07180,120363,420667533,SM-07180
LYNX,XTRIM COMMANDER 600,2010,NACH,SM-07180,120363,420667533,SM-07180
LYNX,XTRIM COMMANDER 600,2011,NACH,SM-07180,120363,420667533,SM-07180
LYNX,XTRIM COMMANDER 600,2012,NACH,SM-07180,120363,420667533,SM-07180
LYNX,XTRIM COMMANDER 600,2013,NACH,SM-07180,120363,420667533,SM-07180
LYNX,XTRIM COMMANDER 600,2014,NACH,SM-07180,120363,420667533,SM-07180
LYNX,XTRIM COMMANDER 600,2015,NACH,SM-07180,120363,420667533,SM-07180
LYNX,XTRIM COMMANDER 600,2016,NACH,SM-07180,120363,420667533,SM-07180
LYNX,RAVE RE 600 ETEC,2009,NACH,SM-07180,120363,420667530,SM-07180
LYNX,RAVE RE 600 ETEC,2010,NACH,SM-07180,120363,420667530,SM-07180
LYNX,RAVE RE 600 ETEC,2011,NACH,SM-07180,120363,420667530,SM-07180
LYNX,RAVE RE 600 ETEC,2012,NACH,SM-07180,120363,420667530,SM-07180
LYNX,RAVE RE 600 ETEC,2013,NACH,SM-07180,120363,420667530,SM-07180
LYNX,RAVE RE 600 ETEC,2014,NACH,SM-07180,120363,420667530,SM-07180
LYNX,RAVE RE 600 ETEC,2015,NACH,SM-07180,120363,420667530,SM-07180
LYNX,RAVE RE 600 ETEC,2016,NACH,SM-07180,120363,420667530,SM-07180
LYNX,RAVE RE 600 ETEC,2017,NACH,SM-07180,120363,420667530,SM-07180
LYNX,RAVE RE 600 ETEC,2009,NACH,SM-07180,120363,420667533,SM-07180
LYNX,RAVE RE 600 ETEC,2010,NACH,SM-07180,120363,420667533,SM-07180
LYNX,RAVE RE 600 ETEC,2011,NACH,SM-07180,120363,420667533,SM-07180
LYNX,RAVE RE 600 ETEC,2012,NACH,SM-07180,120363,420667533,SM-07180
LYNX,RAVE RE 600 ETEC,2013,NACH,SM-07180,120363,420667533,SM-07180
LYNX,RAVE RE 600 ETEC,2014,NACH,SM-07180,120363,420667533,SM-07180
LYNX,RAVE RE 600 ETEC,2015,NACH,SM-07180,120363,420667533,SM-07180
LYNX,RAVE RE 600 ETEC,2016,NACH,SM-07180,120363,420667533,SM-07180
LYNX,RAVE RE 600 ETEC,2017,NACH,SM-07180,120363,420667533,SM-07180
LYNX,XTRIM /SC 600 ETEC,2009,NACH,SM-07180,120363,420667530,SM-07180
LYNX,XTRIM /SC 600 ETEC,2010,NACH,SM-07180,120363,420667530,SM-07180
LYNX,XTRIM /SC 600 ETEC,2011,NACH,SM-07180,120363,420667530,SM-07180
LYNX,XTRIM /SC 600 ETEC,2012,NACH,SM-07180,120363,420667530,SM-07180
LYNX,XTRIM /SC 600 ETEC,2013,NACH,SM-07180,120363,420667530,SM-07180
LYNX,XTRIM /SC 600 ETEC,2014,NACH,SM-07180,120363,420667530,SM-07180
LYNX,XTRIM /SC 600 ETEC,2015,NACH,SM-07180,120363,420667530,SM-07180
LYNX,XTRIM /SC 600 ETEC,2016,NACH,SM-07180,120363,420667530,SM-07180
LYNX,XTRIM /SC 600 ETEC,2017,NACH,SM-07180,120363,420667530,SM-07180
LYNX,XTRIM /SC 600 ETEC,2018,NACH,SM-07180,120363,420667530,SM-07180
LYNX,XTRIM /SC 600 ETEC,2009,NACH,SM-07180,120363,420667533,SM-07180
LYNX,XTRIM /SC 600 ETEC,2010,NACH,SM-07180,120363,420667533,SM-07180
LYNX,XTRIM /SC 600 ETEC,2011,NACH,SM-07180,120363,420667533,SM-07180
LYNX,XTRIM /SC 600 ETEC,2012,NACH,SM-07180,120363,420667533,SM-07180
LYNX,XTRIM /SC 600 ETEC,2013,NACH,SM-07180,120363,420667533,SM-07180
LYNX,XTRIM /SC 600 ETEC,2014,NACH,SM-07180,120363,420667533,SM-07180
LYNX,XTRIM /SC 600 ETEC,2015,NACH,SM-07180,120363,420667533,SM-07180
LYNX,XTRIM /SC 600 ETEC,2016,NACH,SM-07180,120363,420667533,SM-07180
LYNX,XTRIM /SC 600 ETEC,2017,NACH,SM-07180,120363,420667533,SM-07180
LYNX,XTRIM /SC 600 ETEC,2018,NACH,SM-07180,120363,420667533,SM-07180
LYNX,49 RANGER 600 ETEC,2011,NACH,SM-07180,120363,420667530,SM-07180
LYNX,49 RANGER 600 ETEC,2012,NACH,SM-07180,120363,420667530,SM-07180
LYNX,49 RANGER 600 ETEC,2013,NACH,SM-07180,120363,420667530,SM-07180
LYNX,49 RANGER 600 ETEC,2014,NACH,SM-07180,120363,420667530,SM-07180
LYNX,49 RANGER 600 ETEC,2015,NACH,SM-07180,120363,420667530,SM-07180
LYNX,49 RANGER 600 ETEC,2016,NACH,SM-07180,120363,420667530,SM-07180
LYNX,49 RANGER 600 ETEC,2017,NACH,SM-07180,120363,420667530,SM-07180
LYNX,49 RANGER 600 ETEC,2018,NACH,SM-07180,120363,420667530,SM-07180
LYNX,49 RANGER 600 ETEC,2011,NACH,SM-07180,120363,420667533,SM-07180
LYNX,49 RANGER 600 ETEC,2012,NACH,SM-07180,120363,420667533,SM-07180
LYNX,49 RANGER 600 ETEC,2013,NACH,SM-07180,120363,420667533,SM-07180
LYNX,49 RANGER 600 ETEC,2014,NACH,SM-07180,120363,420667533,SM-07180
LYNX,49 RANGER 600 ETEC,2015,NACH,SM-07180,120363,420667533,SM-07180
LYNX,49 RANGER 600 ETEC,2016,NACH,SM-07180,120363,420667533,SM-07180
LYNX,49 RANGER 600 ETEC,2017,NACH,SM-07180,120363,420667533,SM-07180
LYNX,49 RANGER 600 ETEC,2018,NACH,SM-07180,120363,420667533,SM-07180
LYNX,BOONDOCKER 600 ETEC,2013,NACH,SM-07180,120363,420667530,SM-07180
LYNX,BOONDOCKER 600 ETEC,2014,NACH,SM-07180,120363,420667530,SM-07180
LYNX,BOONDOCKER 600 ETEC,2015,NACH,SM-07180,120363,420667530,SM-07180
LYNX,BOONDOCKER 600 ETEC,2016,NACH,SM-07180,120363,420667530,SM-07180
LYNX,BOONDOCKER 600 ETEC,2017,NACH,SM-07180,120363,420667530,SM-07180
LYNX,BOONDOCKER 600 ETEC,2018,NACH,SM-07180,120363,420667530,SM-07180
LYNX,BOONDOCKER 600 ETEC,2013,NACH,SM-07180,120363,420667533,SM-07180
LYNX,BOONDOCKER 600 ETEC,2014,NACH,SM-07180,120363,420667533,SM-07180
LYNX,BOONDOCKER 600 ETEC,2015,NACH,SM-07180,120363,420667533,SM-07180
LYNX,BOONDOCKER 600 ETEC,2016,NACH,SM-07180,120363,420667533,SM-07180
LYNX,BOONDOCKER 600 ETEC,2017,NACH,SM-07180,120363,420667533,SM-07180
LYNX,BOONDOCKER 600 ETEC,2018,NACH,SM-07180,120363,420667533,SM-07180
LYNX,69 YETI ARMY 600 ETEC,2013,NACH,SM-07180,120363,420667530,SM-07180
LYNX,69 YETI ARMY 600 ETEC,2014,NACH,SM-07180,120363,420667530,SM-07180
LYNX,69 YETI ARMY 600 ETEC,2015,NACH,SM-07180,120363,420667530,SM-07180
LYNX,69 YETI ARMY 600 ETEC,2016,NACH,SM-07180,120363,420667530,SM-07180
LYNX,69 YETI ARMY 600 ETEC,2017,NACH,SM-07180,120363,420667530,SM-07180
LYNX,69 YETI ARMY 600 ETEC,2018,NACH,SM-07180,120363,420667530,SM-07180
LYNX,69 YETI ARMY 600 ETEC,2019,NACH,SM-07180,120363,420667530,SM-07180
LYNX,69 YETI ARMY 600 ETEC,2020,NACH,SM-07180,120363,420667530,SM-07180
LYNX,69 YETI ARMY 600 ETEC,2013,NACH,SM-07180,120363,420667533,SM-07180
LYNX,69 YETI ARMY 600 ETEC,2014,NACH,SM-07180,120363,420667533,SM-07180
LYNX,69 YETI ARMY 600 ETEC,2015,NACH,SM-07180,120363,420667533,SM-07180
LYNX,69 YETI ARMY 600 ETEC,2016,NACH,SM-07180,120363,420667533,SM-07180
LYNX,69 YETI ARMY 600 ETEC,2017,NACH,SM-07180,120363,420667533,SM-07180
LYNX,69 YETI ARMY 600 ETEC,2018,NACH,SM-07180,120363,420667533,SM-07180
LYNX,69 YETI ARMY 600 ETEC,2019,NACH,SM-07180,120363,420667533,SM-07180
LYNX,69 YETI ARMY 600 ETEC,2020,NACH,SM-07180,120363,420667533,SM-07180
LYNX,COMMANDER 600 ETEC,2017,NACH,SM-07180,120363,420667530,SM-07180
LYNX,COMMANDER 600 ETEC,2018,NACH,SM-07180,120363,420667530,SM-07180
LYNX,COMMANDER 600 ETEC,2019,NACH,SM-07180,120363,420667530,SM-07180
LYNX,COMMANDER 600 ETEC,2017,NACH,SM-07180,120363,420667533,SM-07180
LYNX,COMMANDER 600 ETEC,2018,NACH,SM-07180,120363,420667533,SM-07180
LYNX,COMMANDER 600 ETEC,2019,NACH,SM-07180,120363,420667533,SM-07180
LYNX,COMMANDER 600R ETEC,2019,NACH,SM-07180,120363,420924798,SM-07180
LYNX,COMMANDER 600R ETEC,2020,NACH,SM-07180,120363,420924798,SM-07180
LYNX,COMMANDER 600R ETEC,2021,NACH,SM-07180,120363,420924798,SM-07180
LYNX,COMMANDER 600R ETEC,2022,NACH,SM-07180,120363,420924798,SM-07180
LYNX,COMMANDER 600R ETEC,2023,NACH,SM-07180,120363,420924798,SM-07180
LYNX,RAVE RS 600RS ETEC,2019,NACH,SM-07180,120363,420924798,SM-07180
LYNX,RAVE RS 600RS ETEC,2020,NACH,SM-07180,120363,420924798,SM-07180
LYNX,RAVE RS 600RS ETEC,2021,NACH,SM-07180,120363,420924798,SM-07180
LYNX,RAVE RS 600RS ETEC,2022,NACH,SM-07180,120363,420924798,SM-07180
LYNX,RAVE RS 600RS ETEC,2023,NACH,SM-07180,120363,420924798,SM-07180
LYNX,49 RANGER PRO 600R ETEC,2021,NACH,SM-07180,120363,"420924798
",SM-07180
LYNX,49 RANGER PRO 600R ETEC,2022,NACH,SM-07180,120363,"420924798
",SM-07180
LYNX,49 RANGER PRO 600R ETEC,2023,NACH,SM-07180,120363,"420924798
",SM-07180
LYNX,59 RANGER 600 EFI,2021,NACH,SM-07180,120363,42092451,SM-07180
LYNX,59 RANGER 600 EFI,2022,NACH,SM-07180,120363,42092451,SM-07180
LYNX,59 RANGER 600 EFI,2023,NACH,SM-07180,120363,42092451,SM-07180
LYNX,RAVE ENDURO 600R ETEC,2021,NACH,SM-07180,120363,420924798,SM-07180
LYNX,RAVE ENDURO 600R ETEC,2022,NACH,SM-07180,120363,420924798,SM-07180
LYNX,RAVE ENDURO 600R ETEC,2023,NACH,SM-07180,120363,420924798,SM-07180
LYNX,RAVE RE 600R ETEC,2021,NACH,SM-07180,120363,420924798,SM-07180
LYNX,RAVE RE 600R ETEC,2022,NACH,SM-07180,120363,420924798,SM-07180
LYNX,RAVE RE 600R ETEC,2023,NACH,SM-07180,120363,420924798,SM-07180
LYNX,XTERRAIN 600 EFI,2021,NACH,SM-07180,120363,420924519,SM-07180
LYNX,XTERRAIN 600 EFI,2022,NACH,SM-07180,120363,420924519,SM-07180
LYNX,XTERRAIN 600 EFI,2023,NACH,SM-07180,120363,420924519,SM-07180
LYNX,XTERRAIN 600R ETEC,2021,NACH,SM-07180,120363,"420924798
",SM-07180
LYNX,XTERRAIN 600R ETEC,2022,NACH,SM-07180,120363,"420924798
",SM-07180
LYNX,XTERRAIN 600R ETEC,2023,NACH,SM-07180,120363,"420924798
",SM-07180
LYNX,XTERRAIN 850 ETEC,2021,NACH,SM-07180,120363,"420924798
",SM-07180
LYNX,XTERRAIN 850 ETEC,2022,NACH,SM-07180,120363,"420924798
",SM-07180
LYNX,XTERRAIN 850 ETEC,2023,NACH,SM-07180,120363,"420924798
",SM-07180
LYNX,XTERRIAN BRUTAL 850 ETEC,2021,NACH,SM-07180,120363,"420924798
",SM-07180
LYNX,XTERRIAN BRUTAL 850 ETEC,2022,NACH,SM-07180,120363,"420924798
",SM-07180
LYNX,XTERRIAN BRUTAL 850 ETEC,2023,NACH,SM-07180,120363,"420924798
",SM-07180
LYNX,XTERRIAN PRO 600R ETEC,2021,NACH,SM-07180,120363,"420924798
",SM-07180
LYNX,XTERRIAN PRO 600R ETEC,2022,NACH,SM-07180,120363,"420924798
",SM-07180
LYNX,XTERRIAN PRO 600R ETEC,2023,NACH,SM-07180,120363,"420924798
",SM-07180
LYNX,XTERRIAN PRO 850 ETEC,2021,NACH,SM-07193,125284,420924798,SM-07193
LYNX,XTERRIAN PRO 850 ETEC,2022,NACH,SM-07193,125284,420924798,SM-07193
LYNX,XTERRIAN PRO 850 ETEC,2023,NACH,SM-07193,125284,420924798,SM-07193
SKI-DOO,EXPEDITION LE/SE 600R ETEC 20 INCH / 24 INCH,2023,NACH,SM-07180,120363,420924798,SM-07180
SKI-DOO,EXPEDITION SE 850 ETEC,2023,NACH,SM-07180,120363,420924798,SM-07180
SKI-DOO,FREERIDE 850 ETEC TURBO R,2023,NACH,SM-07180,120363,420924798,SM-07180
SKI-DOO,GSX LTD 600 HO SDI,2007,NACH,SM-07141,62-07004,420867260,SM-07141
SKI-DOO,GSX SPORT 600 HO SDI,2007,NACH,SM-07141,62-07004,420867260,SM-07141
SKI-DOO,MX Z 600 HO,2003,NACH,SM-07089,121283,420867874,SM-07089
SKI-DOO,MX Z 600 HO REV,2003,NACH,07-102-08,121284,420867879,07-102-08
SKI-DOO,MX Z 600 HO SDI,2004,NACH,SM-07141,62-07004,420867260,SM-07141
SKI-DOO,MX Z 600 HO SDI BLIZZARD,2007,NACH,SM-07141,62-07004,420867260,SM-07141
SKI-DOO,MX Z BLAIR MORGAN SPECIAL EDITION,2003,NACH,07-102-08,121284,420867879,07-102-08
SKI-DOO,MX Z X 600 HO SDI,2007,NACH,SM-07141,62-07004,420867260,SM-07141
SKI-DOO,MX Z X-RS 600 HO SDI,2007,NACH,SM-07141,62-07004,420867260,SM-07141
SKI-DOO,SKANDIC LE/SE 600R ETEC 20 INCH / 24 INCH,2023,NACH,SM-07180,120363,420924798,SM-07180
SKI-DOO,SUMMIT 600 EFI,2023,NACH,SM-07180,120363,"420924519
",SM-07180
SKI-DOO,SUMMIT 600 HO,2003,NACH,SM-07089,121283,420867874,SM-07089
SKI-DOO,GSX LTD TOURING 600HO SDI,2008,NACH,SM-07180,120363,420667530,SM-07180
SKI-DOO,GSX LTD TOURING 600HO SDI,2008,NACH,SM-07180,120363,420667533,SM-07180
SKI-DOO,GTX LE 600 HO. ETEC,2009,NACH,SM-07180,120363,420667530,SM-07180
SKI-DOO,GTX LE 600 HO. ETEC,2009,NACH,SM-07180,120363,420667533,SM-07180
SKI-DOO,MX Z 50TH ANNIVERSARY,2009,NACH,SM-07180,120363,420667530,SM-07180
SKI-DOO,MX Z 50TH ANNIVERSARY,2009,NACH,SM-07180,120363,420667533,SM-07180
SKI-DOO,MX Z TNT 600 HO,2009,NACH,SM-07180,120363,420667530,SM-07180
SKI-DOO,MX Z TNT 600 HO,2009,NACH,SM-07180,120363,420667533,SM-07180
SKI-DOO,LEGEND 800,2002,NACH,SM-07090,121282,420867870,SM-07090
SKI-DOO,LEGEND 800,2002,NACH,SM-07090,121282,420867873,SM-07090
SKI-DOO,MX Z 700,2003,NACH,SM-07090,121282,420867870,SM-07090
SKI-DOO,MX Z 700,2003,NACH,SM-07090,121282,420867873,SM-07090
SKI-DOO,SUMMIT 800,2002,NACH,SM-07090,121282,420867870,SM-07090
SKI-DOO,SUMMIT 800,2002,NACH,SM-07090,121282,420867873,SM-07090
SKI-DOO,MX Z 800,2002,NACH,SM-07090,121282,420867870,SM-07090
SKI-DOO,MX Z 800,2003,NACH,SM-07090,121282,420867873,SM-07090
SKI-DOO,MX Z 800,2002,NACH,SM-07090,121282,420867870,SM-07090
SKI-DOO,MX Z 800,2003,NACH,SM-07090,121282,420867873,SM-07090
SKI-DOO,SUMMIT 700,2002,NACH,SM-07090,121282,420867870,SM-07090
SKI-DOO,SUMMIT 700,2003,NACH,SM-07090,121282,420867873,SM-07090
SKI-DOO,SUMMIT 700,2002,NACH,SM-07090,121282,420867870,SM-07090
SKI-DOO,SUMMIT 700,2003,NACH,SM-07090,121282,420867873,SM-07090
SKI-DOO,LEGEND 700,2002,NACH,SM-07090,121282,420867870,SM-07090
SKI-DOO,LEGEND 700,2003,NACH,SM-07090,121282,420867870,SM-07090
SKI-DOO,LEGEND 700,2004,NACH,SM-07090,121282,420867870,SM-07090
SKI-DOO,LEGEND 700,2002,NACH,SM-07090,121282,420867873,SM-07090
SKI-DOO,LEGEND 700,2003,NACH,SM-07090,121282,420867873,SM-07090
SKI-DOO,LEGEND 700,2004,NACH,SM-07090,121282,420867873,SM-07090
SKI-DOO,GSX 600 HO,2004,NACH,07-102-08,121284,420867879,07-102-08
SKI-DOO,GSX 600 HO,2005,NACH,07-102-08,121284,420867879,07-102-08
SKI-DOO,"MX Z 600 HO RENEGADE, X",2004,NACH,07-102-08,121284,420867879,07-102-08
SKI-DOO,"MX Z 600 HO RENEGADE, X",2005,NACH,07-102-08,121284,420867879,07-102-08
SKI-DOO,"MX Z 600 HO TRAIL, X",2004,NACH,07-102-08,121284,420867879,07-102-08
SKI-DOO,"MX Z 600 HO TRAIL, X",2005,NACH,07-102-08,121284,420867879,07-102-08
SKI-DOO,SUMMIT 600 HO,2004,NACH,07-102-08,121284,420867879,07-102-08
SKI-DOO,SUMMIT 600 HO,2005,NACH,07-102-08,121284,420867879,07-102-08
SKI-DOO,GSX 600 HO SDI,2004,NACH,SM-07141,62-07004,420867260,SM-07141
SKI-DOO,GSX 600 HO SDI,2005,NACH,SM-07141,62-07004,420867260,SM-07141
SKI-DOO,GSX 600 HO SDI,2006,NACH,SM-07141,62-07004,420867260,SM-07141
SKI-DOO,MX Z 600 HO ADRENALINE,2004,NACH,07-102-08,121284,420867879,07-102-08
SKI-DOO,MX Z 600 HO ADRENALINE,2005,NACH,07-102-08,121284,420867879,07-102-08
SKI-DOO,MX Z 600 HO ADRENALINE,2006,NACH,07-102-08,121284,420867879,07-102-08
SKI-DOO,MX Z 600 HO ADRENALINE,2007,NACH,07-102-08,121284,420867879,07-102-08
SKI-DOO,GTX 600 HO SDI,2005,NACH,SM-07141,62-07004,420867260,SM-07141
SKI-DOO,GTX 600 HO SDI,2006,NACH,SM-07141,62-07004,420867260,SM-07141
SKI-DOO,MX Z 600 HO SDI ADRENALINE & X,2005,NACH,SM-07141,62-07004,420867260,SM-07141
SKI-DOO,MX Z 600 HO SDI ADRENALINE & X,2006,NACH,SM-07141,62-07004,420867260,SM-07141
SKI-DOO,MX Z 600 HO SDI ADRENALINE & X,2007,NACH,SM-07141,62-07004,420867260,SM-07141
SKI-DOO,MX Z 600 HO SDI RENEGADE & RENEGADE X,2005,NACH,SM-07141,62-07004,420867260,SM-07141
SKI-DOO,MX Z 600 HO SDI RENEGADE & RENEGADE X,2006,NACH,SM-07141,62-07004,420867260,SM-07141
SKI-DOO,MX Z 600 HO SDI RENEGADE & RENEGADE X,2007,NACH,SM-07141,62-07004,420867260,SM-07141
SKI-DOO,"SUMMIT 600 HO SDI, ADRENALINE",2006,NACH,SM-07141,62-07004,420867260,SM-07141
SKI-DOO,"SUMMIT 600 HO SDI, ADRENALINE",2007,NACH,SM-07141,62-07004,420867260,SM-07141
SKI-DOO,GTX LTD 600 HO SDI,2007,NACH,SM-07141,62-07004,420867260,SM-07141
SKI-DOO,GTX LTD 600 HO SDI,2008,NACH,SM-07141,62-07004,420867260,SM-07141
SKI-DOO,GTX SPORT 600 HO SDI,2007,NACH,SM-07141,62-07004,420867260,SM-07141
SKI-DOO,GTX SPORT 600 HO SDI,2008,NACH,SM-07141,62-07004,420867260,SM-07141
SKI-DOO,MX Z RENEGADE/X 600 HO SDI/ETEC,2008,NACH,SM-07180,120363,420667530,SM-07180
SKI-DOO,MX Z RENEGADE/X 600 HO SDI/ETEC,2009,NACH,SM-07180,120363,420667530,SM-07180
SKI-DOO,MX Z RENEGADE/X 600 HO SDI/ETEC,2008,NACH,SM-07180,120363,420667533,SM-07180
SKI-DOO,MX Z RENEGADE/X 600 HO SDI/ETEC,2009,NACH,SM-07180,120363,420667533,SM-07180
SKI-DOO,MX Z ADRENALINE 600 HO SDI/ETEC,2008,NACH,SM-07180,120363,420667530,SM-07180
SKI-DOO,MX Z ADRENALINE 600 HO SDI/ETEC,2009,NACH,SM-07180,120363,420667530,SM-07180
SKI-DOO,MX Z ADRENALINE 600 HO SDI/ETEC,2010,NACH,SM-07180,120363,420667530,SM-07180
SKI-DOO,MX Z ADRENALINE 600 HO SDI/ETEC,2008,NACH,SM-07180,120363,420667533,SM-07180
SKI-DOO,MX Z ADRENALINE 600 HO SDI/ETEC,2009,NACH,SM-07180,120363,420667533,SM-07180
SKI-DOO,MX Z ADRENALINE 600 HO SDI/ETEC,2010,NACH,SM-07180,120363,420667533,SM-07180
SKI-DOO,GSX LE/SE/LTD 600 HO SDI/ETEC,2008,NACH,SM-07180,120363,420667530,SM-07180
SKI-DOO,GSX LE/SE/LTD 600 HO SDI/ETEC,2009,NACH,SM-07180,120363,420667530,SM-07180
SKI-DOO,GSX LE/SE/LTD 600 HO SDI/ETEC,2010,NACH,SM-07180,120363,420667530,SM-07180
SKI-DOO,GSX LE/SE/LTD 600 HO SDI/ETEC,2011,NACH,SM-07180,120363,420667530,SM-07180
SKI-DOO,GSX LE/SE/LTD 600 HO SDI/ETEC,2012,NACH,SM-07180,120363,420667530,SM-07180
SKI-DOO,GSX LE/SE/LTD 600 HO SDI/ETEC,2013,NACH,SM-07180,120363,420667530,SM-07180
SKI-DOO,GSX LE/SE/LTD 600 HO SDI/ETEC,2014,NACH,SM-07180,120363,420667530,SM-07180
SKI-DOO,GSX LE/SE/LTD 600 HO SDI/ETEC,2008,NACH,SM-07180,120363,420667533,SM-07180
SKI-DOO,GSX LE/SE/LTD 600 HO SDI/ETEC,2009,NACH,SM-07180,120363,420667533,SM-07180
SKI-DOO,GSX LE/SE/LTD 600 HO SDI/ETEC,2010,NACH,SM-07180,120363,420667533,SM-07180
SKI-DOO,GSX LE/SE/LTD 600 HO SDI/ETEC,2011,NACH,SM-07180,120363,420667533,SM-07180
SKI-DOO,GSX LE/SE/LTD 600 HO SDI/ETEC,2012,NACH,SM-07180,120363,420667533,SM-07180
SKI-DOO,GSX LE/SE/LTD 600 HO SDI/ETEC,2013,NACH,SM-07180,120363,420667533,SM-07180
SKI-DOO,GSX LE/SE/LTD 600 HO SDI/ETEC,2014,NACH,SM-07180,120363,420667533,SM-07180
SKI-DOO,MX Z X 600 HO SDI/ETEC,2008,NACH,SM-07180,120363,420667530,SM-07180
SKI-DOO,MX Z X 600 HO SDI/ETEC,2009,NACH,SM-07180,120363,420667530,SM-07180
SKI-DOO,MX Z X 600 HO SDI/ETEC,2010,NACH,SM-07180,120363,420667530,SM-07180
SKI-DOO,MX Z X 600 HO SDI/ETEC,2011,NACH,SM-07180,120363,420667530,SM-07180
SKI-DOO,MX Z X 600 HO SDI/ETEC,2012,NACH,SM-07180,120363,420667530,SM-07180
SKI-DOO,MX Z X 600 HO SDI/ETEC,2013,NACH,SM-07180,120363,420667530,SM-07180
SKI-DOO,MX Z X 600 HO SDI/ETEC,2014,NACH,SM-07180,120363,420667530,SM-07180
SKI-DOO,MX Z X 600 HO SDI/ETEC,2015,NACH,SM-07180,120363,420667530,SM-07180
SKI-DOO,MX Z X 600 HO SDI/ETEC,2016,NACH,SM-07180,120363,420667530,SM-07180
SKI-DOO,MX Z X 600 HO SDI/ETEC,2008,NACH,SM-07180,120363,420667533,SM-07180
SKI-DOO,MX Z X 600 HO SDI/ETEC,2009,NACH,SM-07180,120363,420667533,SM-07180
SKI-DOO,MX Z X 600 HO SDI/ETEC,2010,NACH,SM-07180,120363,420667533,SM-07180
SKI-DOO,MX Z X 600 HO SDI/ETEC,2011,NACH,SM-07180,120363,420667533,SM-07180
SKI-DOO,MX Z X 600 HO SDI/ETEC,2012,NACH,SM-07180,120363,420667533,SM-07180
SKI-DOO,MX Z X 600 HO SDI/ETEC,2013,NACH,SM-07180,120363,420667533,SM-07180
SKI-DOO,MX Z X 600 HO SDI/ETEC,2014,NACH,SM-07180,120363,420667533,SM-07180
SKI-DOO,MX Z X 600 HO SDI/ETEC,2015,NACH,SM-07180,120363,420667533,SM-07180
SKI-DOO,MX Z X 600 HO SDI/ETEC,2016,NACH,SM-07180,120363,420667533,SM-07180
SKI-DOO,MXZ 600HO SDI/ETEC ALL,2008,NACH,SM-07180,120363,420667530,SM-07180
SKI-DOO,MXZ 600HO SDI/ETEC ALL,2009,NACH,SM-07180,120363,420667530,SM-07180
SKI-DOO,MXZ 600HO SDI/ETEC ALL,2010,NACH,SM-07180,120363,420667530,SM-07180
SKI-DOO,MXZ 600HO SDI/ETEC ALL,2011,NACH,SM-07180,120363,420667530,SM-07180
SKI-DOO,MXZ 600HO SDI/ETEC ALL,2012,NACH,SM-07180,120363,420667530,SM-07180
SKI-DOO,MXZ 600HO SDI/ETEC ALL,2013,NACH,SM-07180,120363,420667530,SM-07180
SKI-DOO,MXZ 600HO SDI/ETEC ALL,2014,NACH,SM-07180,120363,420667530,SM-07180
SKI-DOO,MXZ 600HO SDI/ETEC ALL,2015,NACH,SM-07180,120363,420667530,SM-07180
SKI-DOO,MXZ 600HO SDI/ETEC ALL,2016,NACH,SM-07180,120363,420667530,SM-07180
SKI-DOO,MXZ 600HO SDI/ETEC ALL,2017,NACH,SM-07180,120363,420667530,SM-07180
SKI-DOO,MXZ 600HO SDI/ETEC ALL,2018,NACH,SM-07180,120363,420667530,SM-07180
SKI-DOO,MXZ 600HO SDI/ETEC ALL,2008,NACH,SM-07180,120363,420667533,SM-07180
SKI-DOO,MXZ 600HO SDI/ETEC ALL,2009,NACH,SM-07180,120363,420667533,SM-07180
SKI-DOO,MXZ 600HO SDI/ETEC ALL,2010,NACH,SM-07180,120363,420667533,SM-07180
SKI-DOO,MXZ 600HO SDI/ETEC ALL,2011,NACH,SM-07180,120363,420667533,SM-07180
SKI-DOO,MXZ 600HO SDI/ETEC ALL,2012,NACH,SM-07180,120363,420667533,SM-07180
SKI-DOO,MXZ 600HO SDI/ETEC ALL,2013,NACH,SM-07180,120363,420667533,SM-07180
SKI-DOO,MXZ 600HO SDI/ETEC ALL,2014,NACH,SM-07180,120363,420667533,SM-07180
SKI-DOO,MXZ 600HO SDI/ETEC ALL,2015,NACH,SM-07180,120363,420667533,SM-07180
SKI-DOO,MXZ 600HO SDI/ETEC ALL,2016,NACH,SM-07180,120363,420667533,SM-07180
SKI-DOO,MXZ 600HO SDI/ETEC ALL,2017,NACH,SM-07180,120363,420667533,SM-07180
SKI-DOO,MXZ 600HO SDI/ETEC ALL,2018,NACH,SM-07180,120363,420667533,SM-07180
SKI-DOO,EXPEDITION TUV 600 HO SDI,2009,NACH,SM-07180,120363,420667530,SM-07180
SKI-DOO,EXPEDITION TUV 600 HO SDI,2010,NACH,SM-07180,120363,420667530,SM-07180
SKI-DOO,EXPEDITION TUV 600 HO SDI,2009,NACH,SM-07180,120363,420667533,SM-07180
SKI-DOO,EXPEDITION TUV 600 HO SDI,2010,NACH,SM-07180,120363,420667533,SM-07180
SKI-DOO,SUMMIT EVEREST 600 HO ETC,2009,NACH,SM-07180,120363,420667530,SM-07180
SKI-DOO,SUMMIT EVEREST 600 HO ETC,2010,NACH,SM-07180,120363,420667530,SM-07180
SKI-DOO,SUMMIT EVEREST 600 HO ETC,2011,NACH,SM-07180,120363,420667530,SM-07180
SKI-DOO,SUMMIT EVEREST 600 HO ETC,2009,NACH,SM-07180,120363,420667533,SM-07180
SKI-DOO,SUMMIT EVEREST 600 HO ETC,2010,NACH,SM-07180,120363,420667533,SM-07180
SKI-DOO,SUMMIT EVEREST 600 HO ETC,2011,NACH,SM-07180,120363,420667533,SM-07180
SKI-DOO,SUMMIT X 600 HO. ETEC,2009,NACH,SM-07180,120363,420667530,SM-07180
SKI-DOO,SUMMIT X 600 HO. ETEC,2010,NACH,SM-07180,120363,420667530,SM-07180
SKI-DOO,SUMMIT X 600 HO. ETEC,2011,NACH,SM-07180,120363,420667530,SM-07180
SKI-DOO,SUMMIT X 600 HO. ETEC,2012,NACH,SM-07180,120363,420667530,SM-07180
SKI-DOO,SUMMIT X 600 HO. ETEC,2013,NACH,SM-07180,120363,420667530,SM-07180
SKI-DOO,SUMMIT X 600 HO. ETEC,2014,NACH,SM-07180,120363,420667530,SM-07180
SKI-DOO,SUMMIT X 600 HO. ETEC,2015,NACH,SM-07180,120363,420667530,SM-07180
SKI-DOO,SUMMIT X 600 HO. ETEC,2016,NACH,SM-07180,120363,420667530,SM-07180
SKI-DOO,SUMMIT X 600 HO. ETEC,2017,NACH,SM-07180,120363,420667530,SM-07180
SKI-DOO,SUMMIT X 600 HO. ETEC,2018,NACH,SM-07180,120363,420667530,SM-07180
SKI-DOO,SUMMIT X 600 HO. ETEC,2009,NACH,SM-07180,120363,420667533,SM-07180
SKI-DOO,SUMMIT X 600 HO. ETEC,2010,NACH,SM-07180,120363,420667533,SM-07180
SKI-DOO,SUMMIT X 600 HO. ETEC,2011,NACH,SM-07180,120363,420667533,SM-07180
SKI-DOO,SUMMIT X 600 HO. ETEC,2012,NACH,SM-07180,120363,420667533,SM-07180
SKI-DOO,SUMMIT X 600 HO. ETEC,2013,NACH,SM-07180,120363,420667533,SM-07180
SKI-DOO,SUMMIT X 600 HO. ETEC,2014,NACH,SM-07180,120363,420667533,SM-07180
SKI-DOO,SUMMIT X 600 HO. ETEC,2015,NACH,SM-07180,120363,420667533,SM-07180
SKI-DOO,SUMMIT X 600 HO. ETEC,2016,NACH,SM-07180,120363,420667533,SM-07180
SKI-DOO,SUMMIT X 600 HO. ETEC,2017,NACH,SM-07180,120363,420667533,SM-07180
SKI-DOO,SUMMIT X 600 HO. ETEC,2018,NACH,SM-07180,120363,420667533,SM-07180
SKI-DOO,MX Z X-RS 600 HO ETEC,2010,NACH,SM-07180,120363,420667530,SM-07180
SKI-DOO,MX Z X-RS 600 HO ETEC,2011,NACH,SM-07180,120363,420667530,SM-07180
SKI-DOO,MX Z X-RS 600 HO ETEC,2012,NACH,SM-07180,120363,420667530,SM-07180
SKI-DOO,MX Z X-RS 600 HO ETEC,2013,NACH,SM-07180,120363,420667530,SM-07180
SKI-DOO,MX Z X-RS 600 HO ETEC,2014,NACH,SM-07180,120363,420667530,SM-07180
SKI-DOO,MX Z X-RS 600 HO ETEC,2015,NACH,SM-07180,120363,420667530,SM-07180
SKI-DOO,MX Z X-RS 600 HO ETEC,2016,NACH,SM-07180,120363,420667530,SM-07180
SKI-DOO,MX Z X-RS 600 HO ETEC,2010,NACH,SM-07180,120363,420667533,SM-07180
SKI-DOO,MX Z X-RS 600 HO ETEC,2011,NACH,SM-07180,120363,420667533,SM-07180
SKI-DOO,MX Z X-RS 600 HO ETEC,2012,NACH,SM-07180,120363,420667533,SM-07180
SKI-DOO,MX Z X-RS 600 HO ETEC,2013,NACH,SM-07180,120363,420667533,SM-07180
SKI-DOO,MX Z X-RS 600 HO ETEC,2014,NACH,SM-07180,120363,420667533,SM-07180
SKI-DOO,MX Z X-RS 600 HO ETEC,2015,NACH,SM-07180,120363,420667533,SM-07180
SKI-DOO,MX Z X-RS 600 HO ETEC,2016,NACH,SM-07180,120363,420667533,SM-07180
SKI-DOO,RENEGADE ADRENALINE 600 HO,2010,NACH,SM-07180,120363,420667530,SM-07180
SKI-DOO,RENEGADE ADRENALINE 600 HO,2011,NACH,SM-07180,120363,420667530,SM-07180
SKI-DOO,RENEGADE ADRENALINE 600 HO,2012,NACH,SM-07180,120363,420667530,SM-07180
SKI-DOO,RENEGADE ADRENALINE 600 HO,2013,NACH,SM-07180,120363,420667530,SM-07180
SKI-DOO,RENEGADE ADRENALINE 600 HO,2014,NACH,SM-07180,120363,420667530,SM-07180
SKI-DOO,RENEGADE ADRENALINE 600 HO,2015,NACH,SM-07180,120363,420667530,SM-07180
SKI-DOO,RENEGADE ADRENALINE 600 HO,2016,NACH,SM-07180,120363,420667530,SM-07180
SKI-DOO,RENEGADE ADRENALINE 600 HO,2010,NACH,SM-07180,120363,420667533,SM-07180
SKI-DOO,RENEGADE ADRENALINE 600 HO,2011,NACH,SM-07180,120363,420667533,SM-07180
SKI-DOO,RENEGADE ADRENALINE 600 HO,2012,NACH,SM-07180,120363,420667533,SM-07180
SKI-DOO,RENEGADE ADRENALINE 600 HO,2013,NACH,SM-07180,120363,420667533,SM-07180
SKI-DOO,RENEGADE ADRENALINE 600 HO,2014,NACH,SM-07180,120363,420667533,SM-07180
SKI-DOO,RENEGADE ADRENALINE 600 HO,2015,NACH,SM-07180,120363,420667533,SM-07180
SKI-DOO,RENEGADE ADRENALINE 600 HO,2016,NACH,SM-07180,120363,420667533,SM-07180
SKI-DOO,RENEGADE BACKCOUNTRY 600 HO ETEC,2010,NACH,SM-07180,120363,420667530,SM-07180
SKI-DOO,RENEGADE BACKCOUNTRY 600 HO ETEC,2011,NACH,SM-07180,120363,420667530,SM-07180
SKI-DOO,RENEGADE BACKCOUNTRY 600 HO ETEC,2012,NACH,SM-07180,120363,420667530,SM-07180
SKI-DOO,RENEGADE BACKCOUNTRY 600 HO ETEC,2013,NACH,SM-07180,120363,420667530,SM-07180
SKI-DOO,RENEGADE BACKCOUNTRY 600 HO ETEC,2014,NACH,SM-07180,120363,420667530,SM-07180
SKI-DOO,RENEGADE BACKCOUNTRY 600 HO ETEC,2015,NACH,SM-07180,120363,420667530,SM-07180
SKI-DOO,RENEGADE BACKCOUNTRY 600 HO ETEC,2016,NACH,SM-07180,120363,420667530,SM-07180
SKI-DOO,RENEGADE BACKCOUNTRY 600 HO ETEC,2010,NACH,SM-07180,120363,420667533,SM-07180
SKI-DOO,RENEGADE BACKCOUNTRY 600 HO ETEC,2011,NACH,SM-07180,120363,420667533,SM-07180
SKI-DOO,RENEGADE BACKCOUNTRY 600 HO ETEC,2012,NACH,SM-07180,120363,420667533,SM-07180
SKI-DOO,RENEGADE BACKCOUNTRY 600 HO ETEC,2013,NACH,SM-07180,120363,420667533,SM-07180
SKI-DOO,RENEGADE BACKCOUNTRY 600 HO ETEC,2014,NACH,SM-07180,120363,420667533,SM-07180
SKI-DOO,RENEGADE BACKCOUNTRY 600 HO ETEC,2015,NACH,SM-07180,120363,420667533,SM-07180
SKI-DOO,RENEGADE BACKCOUNTRY 600 HO ETEC,2016,NACH,SM-07180,120363,420667533,SM-07180
SKI-DOO,RENEGADE X 600 HO ETC,2010,NACH,SM-07180,120363,420667530,SM-07180
SKI-DOO,RENEGADE X 600 HO ETC,2011,NACH,SM-07180,120363,420667530,SM-07180
SKI-DOO,RENEGADE X 600 HO ETC,2012,NACH,SM-07180,120363,420667530,SM-07180
SKI-DOO,RENEGADE X 600 HO ETC,2013,NACH,SM-07180,120363,420667530,SM-07180
SKI-DOO,RENEGADE X 600 HO ETC,2014,NACH,SM-07180,120363,420667530,SM-07180
SKI-DOO,RENEGADE X 600 HO ETC,2015,NACH,SM-07180,120363,420667530,SM-07180
SKI-DOO,RENEGADE X 600 HO ETC,2016,NACH,SM-07180,120363,420667530,SM-07180
SKI-DOO,RENEGADE X 600 HO ETC,2010,NACH,SM-07180,120363,420667533,SM-07180
SKI-DOO,RENEGADE X 600 HO ETC,2011,NACH,SM-07180,120363,420667533,SM-07180
SKI-DOO,RENEGADE X 600 HO ETC,2012,NACH,SM-07180,120363,420667533,SM-07180
SKI-DOO,RENEGADE X 600 HO ETC,2013,NACH,SM-07180,120363,420667533,SM-07180
SKI-DOO,RENEGADE X 600 HO ETC,2014,NACH,SM-07180,120363,420667533,SM-07180
SKI-DOO,RENEGADE X 600 HO ETC,2015,NACH,SM-07180,120363,420667533,SM-07180
SKI-DOO,RENEGADE X 600 HO ETC,2016,NACH,SM-07180,120363,420667533,SM-07180
SKI-DOO,GRAND TOURING LE 600HO ETEC,2010,NACH,SM-07180,120363,420667530,SM-07180
SKI-DOO,GRAND TOURING LE 600HO ETEC,2011,NACH,SM-07180,120363,420667530,SM-07180
SKI-DOO,GRAND TOURING LE 600HO ETEC,2012,NACH,SM-07180,120363,420667530,SM-07180
SKI-DOO,GRAND TOURING LE 600HO ETEC,2013,NACH,SM-07180,120363,420667530,SM-07180
SKI-DOO,GRAND TOURING LE 600HO ETEC,2014,NACH,SM-07180,120363,420667530,SM-07180
SKI-DOO,GRAND TOURING LE 600HO ETEC,2015,NACH,SM-07180,120363,420667530,SM-07180
SKI-DOO,GRAND TOURING LE 600HO ETEC,2016,NACH,SM-07180,120363,420667530,SM-07180
SKI-DOO,GRAND TOURING LE 600HO ETEC,2017,NACH,SM-07180,120363,420667530,SM-07180
SKI-DOO,GRAND TOURING LE 600HO ETEC,2018,NACH,SM-07180,120363,420667530,SM-07180
SKI-DOO,GRAND TOURING LE 600HO ETEC,2010,NACH,SM-07180,120363,420667533,SM-07180
SKI-DOO,GRAND TOURING LE 600HO ETEC,2011,NACH,SM-07180,120363,420667533,SM-07180
SKI-DOO,GRAND TOURING LE 600HO ETEC,2012,NACH,SM-07180,120363,420667533,SM-07180
SKI-DOO,GRAND TOURING LE 600HO ETEC,2013,NACH,SM-07180,120363,420667533,SM-07180
SKI-DOO,GRAND TOURING LE 600HO ETEC,2014,NACH,SM-07180,120363,420667533,SM-07180
SKI-DOO,GRAND TOURING LE 600HO ETEC,2015,NACH,SM-07180,120363,420667533,SM-07180
SKI-DOO,GRAND TOURING LE 600HO ETEC,2016,NACH,SM-07180,120363,420667533,SM-07180
SKI-DOO,GRAND TOURING LE 600HO ETEC,2017,NACH,SM-07180,120363,420667533,SM-07180
SKI-DOO,GRAND TOURING LE 600HO ETEC,2018,NACH,SM-07180,120363,420667533,SM-07180
SKI-DOO,MX Z TNT 600 HO ETEC,2011,NACH,SM-07180,120363,420667530,SM-07180
SKI-DOO,MX Z TNT 600 HO ETEC,2012,NACH,SM-07180,120363,420667530,SM-07180
SKI-DOO,MX Z TNT 600 HO ETEC,2013,NACH,SM-07180,120363,420667530,SM-07180
SKI-DOO,MX Z TNT 600 HO ETEC,2014,NACH,SM-07180,120363,420667530,SM-07180
SKI-DOO,MX Z TNT 600 HO ETEC,2015,NACH,SM-07180,120363,420667530,SM-07180
SKI-DOO,MX Z TNT 600 HO ETEC,2016,NACH,SM-07180,120363,420667530,SM-07180
SKI-DOO,MX Z TNT 600 HO ETEC,2011,NACH,SM-07180,120363,420667533,SM-07180
SKI-DOO,MX Z TNT 600 HO ETEC,2012,NACH,SM-07180,120363,420667533,SM-07180
SKI-DOO,MX Z TNT 600 HO ETEC,2013,NACH,SM-07180,120363,420667533,SM-07180
SKI-DOO,MX Z TNT 600 HO ETEC,2014,NACH,SM-07180,120363,420667533,SM-07180
SKI-DOO,MX Z TNT 600 HO ETEC,2015,NACH,SM-07180,120363,420667533,SM-07180
SKI-DOO,MX Z TNT 600 HO ETEC,2016,NACH,SM-07180,120363,420667533,SM-07180
SKI-DOO,RENEGADE BACKCOUNTRY X 600 HO ETC,2011,NACH,SM-07180,120363,420667530,SM-07180
SKI-DOO,RENEGADE BACKCOUNTRY X 600 HO ETC,2012,NACH,SM-07180,120363,420667530,SM-07180
SKI-DOO,RENEGADE BACKCOUNTRY X 600 HO ETC,2013,NACH,SM-07180,120363,420667530,SM-07180
SKI-DOO,RENEGADE BACKCOUNTRY X 600 HO ETC,2014,NACH,SM-07180,120363,420667530,SM-07180
SKI-DOO,RENEGADE BACKCOUNTRY X 600 HO ETC,2015,NACH,SM-07180,120363,420667530,SM-07180
SKI-DOO,RENEGADE BACKCOUNTRY X 600 HO ETC,2016,NACH,SM-07180,120363,420667530,SM-07180
SKI-DOO,RENEGADE BACKCOUNTRY X 600 HO ETC,2011,NACH,SM-07180,120363,420667533,SM-07180
SKI-DOO,RENEGADE BACKCOUNTRY X 600 HO ETC,2012,NACH,SM-07180,120363,420667533,SM-07180
SKI-DOO,RENEGADE BACKCOUNTRY X 600 HO ETC,2013,NACH,SM-07180,120363,420667533,SM-07180
SKI-DOO,RENEGADE BACKCOUNTRY X 600 HO ETC,2014,NACH,SM-07180,120363,420667533,SM-07180
SKI-DOO,RENEGADE BACKCOUNTRY X 600 HO ETC,2015,NACH,SM-07180,120363,420667533,SM-07180
SKI-DOO,RENEGADE BACKCOUNTRY X 600 HO ETC,2016,NACH,SM-07180,120363,420667533,SM-07180
SKI-DOO,EXPEDITION LE/SE 600HO ETEC XU,2011,NACH,SM-07180,120363,420667530,SM-07180
SKI-DOO,EXPEDITION LE/SE 600HO ETEC XU,2012,NACH,SM-07180,120363,420667530,SM-07180
SKI-DOO,EXPEDITION LE/SE 600HO ETEC XU,2013,NACH,SM-07180,120363,420667530,SM-07180
SKI-DOO,EXPEDITION LE/SE 600HO ETEC XU,2014,NACH,SM-07180,120363,420667530,SM-07180
SKI-DOO,EXPEDITION LE/SE 600HO ETEC XU,2015,NACH,SM-07180,120363,420667530,SM-07180
SKI-DOO,EXPEDITION LE/SE 600HO ETEC XU,2016,NACH,SM-07180,120363,420667530,SM-07180
SKI-DOO,EXPEDITION LE/SE 600HO ETEC XU,2017,NACH,SM-07180,120363,420667530,SM-07180
SKI-DOO,EXPEDITION LE/SE 600HO ETEC XU,2018,NACH,SM-07180,120363,420667530,SM-07180
SKI-DOO,EXPEDITION LE/SE 600HO ETEC XU,2019,NACH,SM-07180,120363,420667530,SM-07180
SKI-DOO,EXPEDITION LE/SE 600HO ETEC XU,2011,NACH,SM-07180,120363,420667533,SM-07180
SKI-DOO,EXPEDITION LE/SE 600HO ETEC XU,2012,NACH,SM-07180,120363,420667533,SM-07180
SKI-DOO,EXPEDITION LE/SE 600HO ETEC XU,2013,NACH,SM-07180,120363,420667533,SM-07180
SKI-DOO,EXPEDITION LE/SE 600HO ETEC XU,2014,NACH,SM-07180,120363,420667533,SM-07180
SKI-DOO,EXPEDITION LE/SE 600HO ETEC XU,2015,NACH,SM-07180,120363,420667533,SM-07180
SKI-DOO,EXPEDITION LE/SE 600HO ETEC XU,2016,NACH,SM-07180,120363,420667533,SM-07180
SKI-DOO,EXPEDITION LE/SE 600HO ETEC XU,2017,NACH,SM-07180,120363,420667533,SM-07180
SKI-DOO,EXPEDITION LE/SE 600HO ETEC XU,2018,NACH,SM-07180,120363,420667533,SM-07180
SKI-DOO,EXPEDITION LE/SE 600HO ETEC XU,2019,NACH,SM-07180,120363,420667533,SM-07180
SKI-DOO,SKANDIC WT/SWT 600 HO ETEC,2011,NACH,SM-07180,120363,420667530,SM-07180
SKI-DOO,SKANDIC WT/SWT 600 HO ETEC,2012,NACH,SM-07180,120363,420667530,SM-07180
SKI-DOO,SKANDIC WT/SWT 600 HO ETEC,2013,NACH,SM-07180,120363,420667530,SM-07180
SKI-DOO,SKANDIC WT/SWT 600 HO ETEC,2014,NACH,SM-07180,120363,420667530,SM-07180
SKI-DOO,SKANDIC WT/SWT 600 HO ETEC,2015,NACH,SM-07180,120363,420667530,SM-07180
SKI-DOO,SKANDIC WT/SWT 600 HO ETEC,2016,NACH,SM-07180,120363,420667530,SM-07180
SKI-DOO,SKANDIC WT/SWT 600 HO ETEC,2017,NACH,SM-07180,120363,420667530,SM-07180
SKI-DOO,SKANDIC WT/SWT 600 HO ETEC,2018,NACH,SM-07180,120363,420667530,SM-07180
SKI-DOO,SKANDIC WT/SWT 600 HO ETEC,2019,NACH,SM-07180,120363,420667530,SM-07180
SKI-DOO,SKANDIC WT/SWT 600 HO ETEC,2020,NACH,SM-07180,120363,420667530,SM-07180
SKI-DOO,SKANDIC WT/SWT 600 HO ETEC,2011,NACH,SM-07180,120363,420667533,SM-07180
SKI-DOO,SKANDIC WT/SWT 600 HO ETEC,2012,NACH,SM-07180,120363,420667533,SM-07180
SKI-DOO,SKANDIC WT/SWT 600 HO ETEC,2013,NACH,SM-07180,120363,420667533,SM-07180
SKI-DOO,SKANDIC WT/SWT 600 HO ETEC,2014,NACH,SM-07180,120363,420667533,SM-07180
SKI-DOO,SKANDIC WT/SWT 600 HO ETEC,2015,NACH,SM-07180,120363,420667533,SM-07180
SKI-DOO,SKANDIC WT/SWT 600 HO ETEC,2016,NACH,SM-07180,120363,420667533,SM-07180
SKI-DOO,SKANDIC WT/SWT 600 HO ETEC,2017,NACH,SM-07180,120363,420667533,SM-07180
SKI-DOO,SKANDIC WT/SWT 600 HO ETEC,2018,NACH,SM-07180,120363,420667533,SM-07180
SKI-DOO,SKANDIC WT/SWT 600 HO ETEC,2019,NACH,SM-07180,120363,420667533,SM-07180
SKI-DOO,SKANDIC WT/SWT 600 HO ETEC,2020,NACH,SM-07180,120363,420667533,SM-07180
SKI-DOO,TUNDRA XTREME 600 HO ETEC,2011,NACH,SM-07180,120363,420667530,SM-07180
SKI-DOO,TUNDRA XTREME 600 HO ETEC,2012,NACH,SM-07180,120363,420667530,SM-07180
SKI-DOO,TUNDRA XTREME 600 HO ETEC,2013,NACH,SM-07180,120363,420667530,SM-07180
SKI-DOO,TUNDRA XTREME 600 HO ETEC,2014,NACH,SM-07180,120363,420667530,SM-07180
SKI-DOO,TUNDRA XTREME 600 HO ETEC,2015,NACH,SM-07180,120363,420667530,SM-07180
SKI-DOO,TUNDRA XTREME 600 HO ETEC,2016,NACH,SM-07180,120363,420667530,SM-07180
SKI-DOO,TUNDRA XTREME 600 HO ETEC,2017,NACH,SM-07180,120363,420667530,SM-07180
SKI-DOO,TUNDRA XTREME 600 HO ETEC,2018,NACH,SM-07180,120363,420667530,SM-07180
SKI-DOO,TUNDRA XTREME 600 HO ETEC,2019,NACH,SM-07180,120363,420667530,SM-07180
SKI-DOO,TUNDRA XTREME 600 HO ETEC,2020,NACH,SM-07180,120363,420667530,SM-07180
SKI-DOO,TUNDRA XTREME 600 HO ETEC,2011,NACH,SM-07180,120363,420667533,SM-07180
SKI-DOO,TUNDRA XTREME 600 HO ETEC,2012,NACH,SM-07180,120363,420667533,SM-07180
SKI-DOO,TUNDRA XTREME 600 HO ETEC,2013,NACH,SM-07180,120363,420667533,SM-07180
SKI-DOO,TUNDRA XTREME 600 HO ETEC,2014,NACH,SM-07180,120363,420667533,SM-07180
SKI-DOO,TUNDRA XTREME 600 HO ETEC,2015,NACH,SM-07180,120363,420667533,SM-07180
SKI-DOO,TUNDRA XTREME 600 HO ETEC,2016,NACH,SM-07180,120363,420667533,SM-07180
SKI-DOO,TUNDRA XTREME 600 HO ETEC,2017,NACH,SM-07180,120363,420667533,SM-07180
SKI-DOO,TUNDRA XTREME 600 HO ETEC,2018,NACH,SM-07180,120363,420667533,SM-07180
SKI-DOO,TUNDRA XTREME 600 HO ETEC,2019,NACH,SM-07180,120363,420667533,SM-07180
SKI-DOO,TUNDRA XTREME 600 HO ETEC,2020,NACH,SM-07180,120363,420667533,SM-07180
SKI-DOO,SUMMIT SP 600 HO ETEC,2012,NACH,SM-07180,120363,420667530,SM-07180
SKI-DOO,SUMMIT SP 600 HO ETEC,2013,NACH,SM-07180,120363,420667530,SM-07180
SKI-DOO,SUMMIT SP 600 HO ETEC,2014,NACH,SM-07180,120363,420667530,SM-07180
SKI-DOO,SUMMIT SP 600 HO ETEC,2015,NACH,SM-07180,120363,420667530,SM-07180
SKI-DOO,SUMMIT SP 600 HO ETEC,2016,NACH,SM-07180,120363,420667530,SM-07180
SKI-DOO,SUMMIT SP 600 HO ETEC,2012,NACH,SM-07180,120363,420667533,SM-07180
SKI-DOO,SUMMIT SP 600 HO ETEC,2013,NACH,SM-07180,120363,420667533,SM-07180
SKI-DOO,SUMMIT SP 600 HO ETEC,2014,NACH,SM-07180,120363,420667533,SM-07180
SKI-DOO,SUMMIT SP 600 HO ETEC,2015,NACH,SM-07180,120363,420667533,SM-07180
SKI-DOO,SUMMIT SP 600 HO ETEC,2016,NACH,SM-07180,120363,420667533,SM-07180
SKI-DOO,GRAND TOURING 600HO E-TEC,2017,NACH,SM-07180,120363,420667530,SM-07180
SKI-DOO,GRAND TOURING 600HO E-TEC,2018,NACH,SM-07180,120363,420667530,SM-07180
SKI-DOO,GRAND TOURING 600HO E-TEC,2017,NACH,SM-07180,120363,420667533,SM-07180
SKI-DOO,GRAND TOURING 600HO E-TEC,2018,NACH,SM-07180,120363,420667533,SM-07180
SKI-DOO,MXZ 600HO E-TEC,2017,NACH,SM-07180,120363,420667530,SM-07180
SKI-DOO,MXZ 600HO E-TEC,2018,NACH,SM-07180,120363,420667530,SM-07180
SKI-DOO,MXZ 600HO E-TEC,2017,NACH,SM-07180,120363,420667533,SM-07180
SKI-DOO,MXZ 600HO E-TEC,2018,NACH,SM-07180,120363,420667533,SM-07180
SKI-DOO,RENEGADE 600HO ETEC,2017,NACH,SM-07180,120363,420667530,SM-07180
SKI-DOO,RENEGADE 600HO ETEC,2018,NACH,SM-07180,120363,420667530,SM-07180
SKI-DOO,RENEGADE 600HO ETEC,2017,NACH,SM-07180,120363,420667533,SM-07180
SKI-DOO,RENEGADE 600HO ETEC,2018,NACH,SM-07180,120363,420667533,SM-07180
SKI-DOO,SUMMIT 600HO E-TEC,2017,NACH,SM-07180,120363,420667530,SM-07180
SKI-DOO,SUMMIT 600HO E-TEC,2018,NACH,SM-07180,120363,420667530,SM-07180
SKI-DOO,SUMMIT 600HO E-TEC,2017,NACH,SM-07180,120363,420667533,SM-07180
SKI-DOO,SUMMIT 600HO E-TEC,2018,NACH,SM-07180,120363,420667533,SM-07180
SKI-DOO,EXPEDITION LE/SE 600HO E-TEC,2017,NACH,SM-07180,120363,420667530,SM-07180
SKI-DOO,EXPEDITION LE/SE 600HO E-TEC,2018,NACH,SM-07180,120363,420667530,SM-07180
SKI-DOO,EXPEDITION LE/SE 600HO E-TEC,2019,NACH,SM-07180,120363,420667530,SM-07180
SKI-DOO,EXPEDITION LE/SE 600HO E-TEC,2017,NACH,SM-07180,120363,420667533,SM-07180
SKI-DOO,EXPEDITION LE/SE 600HO E-TEC,2018,NACH,SM-07180,120363,420667533,SM-07180
SKI-DOO,EXPEDITION LE/SE 600HO E-TEC,2019,NACH,SM-07180,120363,420667533,SM-07180
SKI-DOO,TUNDRA 600HO E-TEC,2017,NACH,SM-07180,120363,420667530,SM-07180
SKI-DOO,TUNDRA 600HO E-TEC,2018,NACH,SM-07180,120363,420667530,SM-07180
SKI-DOO,TUNDRA 600HO E-TEC,2019,NACH,SM-07180,120363,420667530,SM-07180
SKI-DOO,TUNDRA 600HO E-TEC,2020,NACH,SM-07180,120363,420667530,SM-07180
SKI-DOO,TUNDRA 600HO E-TEC,2017,NACH,SM-07180,120363,420667533,SM-07180
SKI-DOO,TUNDRA 600HO E-TEC,2018,NACH,SM-07180,120363,420667533,SM-07180
SKI-DOO,TUNDRA 600HO E-TEC,2019,NACH,SM-07180,120363,420667533,SM-07180
SKI-DOO,TUNDRA 600HO E-TEC,2020,NACH,SM-07180,120363,420667533,SM-07180
SKI-DOO,BACKCOUNTRY 600R ETEC,2020,NACH,SM-07180,120363,420924798,SM-07180
SKI-DOO,BACKCOUNTRY 600R ETEC,2021,NACH,SM-07180,120363,420924798,SM-07180
SKI-DOO,BACKCOUNTRY 600R ETEC,2022,NACH,SM-07180,120363,420924798,SM-07180
SKI-DOO,BACKCOUNTRY 600R ETEC,2023,NACH,SM-07180,120363,420924798,SM-07180
SKI-DOO,BACKCOUNTRY 850 ETEC,2020,NACH,SM-07180,120363,420924798,SM-07180
SKI-DOO,BACKCOUNTRY 850 ETEC,2021,NACH,SM-07180,120363,420924798,SM-07180
SKI-DOO,BACKCOUNTRY 850 ETEC,2022,NACH,SM-07180,120363,420924798,SM-07180
SKI-DOO,BACKCOUNTRY 850 ETEC,2023,NACH,SM-07180,120363,420924798,SM-07180
SKI-DOO,MXZ 600R ETEC,2020,NACH,SM-07180,120363,420924798,SM-07180
SKI-DOO,MXZ 600R ETEC,2021,NACH,SM-07180,120363,420924798,SM-07180
SKI-DOO,MXZ 600R ETEC,2022,NACH,SM-07180,120363,420924798,SM-07180
SKI-DOO,MXZ 600R ETEC,2023,NACH,SM-07180,120363,420924798,SM-07180
SKI-DOO,MXZ 600RS,2020,NACH,SM-07180,120363,420924798,SM-07180
SKI-DOO,MXZ 600RS,2021,NACH,SM-07180,120363,420924798,SM-07180
SKI-DOO,MXZ 600RS,2022,NACH,SM-07180,120363,420924798,SM-07180
SKI-DOO,MXZ 600RS,2023,NACH,SM-07180,120363,420924798,SM-07180
SKI-DOO,MXZ 850 ETEC,2020,NACH,SM-07180,120363,420924798,SM-07180
SKI-DOO,MXZ 850 ETEC,2021,NACH,SM-07180,120363,420924798,SM-07180
SKI-DOO,MXZ 850 ETEC,2022,NACH,SM-07180,120363,420924798,SM-07180
SKI-DOO,MXZ 850 ETEC,2023,NACH,SM-07180,120363,420924798,SM-07180
SKI-DOO,SUMMIT 850 ETEC,2020,NACH,SM-07180,120363,420924798,SM-07180
SKI-DOO,SUMMIT 850 ETEC,2021,NACH,SM-07180,120363,420924798,SM-07180
SKI-DOO,SUMMIT 850 ETEC,2022,NACH,SM-07180,120363,420924798,SM-07180
SKI-DOO,SUMMIT 850 ETEC,2023,NACH,SM-07180,120363,420924798,SM-07180
SKI-DOO,SUMMIT 850 ETEC TURBO R,2020,NACH,SM-07180,120363,420924798,SM-07180
SKI-DOO,SUMMIT 850 ETEC TURBO R,2021,NACH,SM-07180,120363,420924798,SM-07180
SKI-DOO,SUMMIT 850 ETEC TURBO R,2022,NACH,SM-07180,120363,420924798,SM-07180
SKI-DOO,SUMMIT 850 ETEC TURBO R,2023,NACH,SM-07180,120363,420924798,SM-07180
SKI-DOO,BACKCOUNTRY 600 EFI SPORT,2021,NACH,SM-07180,120363,420924519,SM-07180
SKI-DOO,BACKCOUNTRY 600 EFI SPORT,2022,NACH,SM-07180,120363,420924519,SM-07180
SKI-DOO,BACKCOUNTRY 600 EFI SPORT,2023,NACH,SM-07180,120363,420924519,SM-07180
SKI-DOO,FREERIDE 850 ETEC,2021,NACH,SM-07180,120363,420924798,SM-07180
SKI-DOO,FREERIDE 850 ETEC,2022,NACH,SM-07180,120363,420924798,SM-07180
SKI-DOO,FREERIDE 850 ETEC,2023,NACH,SM-07180,120363,420924798,SM-07180
SKI-DOO,MXZ 600 EFI SPORT,2021,NACH,SM-07180,120363,420924519,SM-07180
SKI-DOO,MXZ 600 EFI SPORT,2022,NACH,SM-07180,120363,420924519,SM-07180
SKI-DOO,MXZ 600 EFI SPORT,2023,NACH,SM-07180,120363,420924519,SM-07180
